{
  "maia-1100": {
    "elo": 1145.1485320391678,
    "games": 462
  },
  "maia-1200": {
    "elo": 1192.4848315731588,
    "games": 431
  },
  "maia-1300": {
    "elo": 1368.8048401330286,
    "games": 426
  },
  "maia-1400": {
    "elo": 1296.6064188835044,
    "games": 440
  },
  "maia-1500": {
    "elo": 1366.9499350899953,
    "games": 420
  },
  "maia-1600": {
    "elo": 1318.0169587940904,
    "games": 428
  },
  "maia-1700": {
    "elo": 1478.7163009706046,
    "games": 545
  },
  "maia-1800": {
    "elo": 1494.7795989763674,
    "games": 530
  },
  "maia-1900": {
    "elo": 1529.0129904312196,
    "games": 550
  },
  "sf-1400": {
    "elo": 811.0597932423941,
    "games": 429
  },
  "sf-1600": {
    "elo": 976.4692247344051,
    "games": 418
  },
  "sf-1800": {
    "elo": 1188.8771475078154,
    "games": 425
  },
  "sf-2000": {
    "elo": 1258.6245573590936,
    "games": 439
  },
  "sf-2200": {
    "elo": 1291.403813768953,
    "games": 448
  },
  "sf-2400": {
    "elo": 1480.904277437833,
    "games": 534
  },
  "sf-2600": {
    "elo": 1505.6025479139028,
    "games": 526
  },
  "sf-2700": {
    "elo": 1725.8186705428222,
    "games": 194
  },
  "sf-2800": {
    "elo": 1808.5523425265078,
    "games": 530
  },
  "sf-3000": {
    "elo": 1956.6136062060705,
    "games": 546
  },
  "sf-full": {
    "elo": 2224.5970524963654,
    "games": 539
  },
  "v001-baseline": {
    "elo": 1589.96185848364,
    "games": 687
  },
  "v003-improved": {
    "elo": 1528.0592110196108,
    "games": 523
  },
  "v004-performance": {
    "elo": 1578.8577538500772,
    "games": 591
  },
  "v005-retain-opt": {
    "elo": 1574.0420991967828,
    "games": 538
  },
  "v006-arrayvec": {
    "elo": 1527.4310592887157,
    "games": 651
  },
  "v008-make-unmake-fixed": {
    "elo": 1620.8535904363055,
    "games": 358
  },
  "v008.1-history-bug-fix": {
    "elo": 1575.6547358411337,
    "games": 364
  },
  "v009-unmake-opt": {
    "elo": 1596.0850153557237,
    "games": 402
  },
  "v010-arrayvec-movelist": {
    "elo": 1592.3001943926915,
    "games": 394
  },
  "v011-check-evasion": {
    "elo": 1632.7519681321319,
    "games": 530
  },
  "v012-bishop-pair": {
    "elo": 1587.3373852677166,
    "games": 358
  },
  "v013-knight-fork": {
    "elo": 1612.0415802018526,
    "games": 353
  },
  "v014-rook-open-file": {
    "elo": 1554.0597144450696,
    "games": 356
  },
  "v015-rook-mobility": {
    "elo": 1637.141589584193,
    "games": 359
  },
  "v016-queen-mobility": {
    "elo": 1586.465278914473,
    "games": 383
  },
  "v017-connected-rooks": {
    "elo": 1578.911496985227,
    "games": 525
  },
  "v018-killer-fix": {
    "elo": 1662.4900549056024,
    "games": 394
  },
  "v019-capture-fix": {
    "elo": 1581.5246854533666,
    "games": 970
  },
  "v020-remove-harmful-eval": {
    "elo": 1544.9054315011342,
    "games": 520
  },
  "v021-wrong-color-bishop": {
    "elo": 1483.4080457977036,
    "games": 492
  },
  "v022-king-activity": {
    "elo": 1561.5184113090534,
    "games": 464
  },
  "v023-kpk-draw": {
    "elo": 1606.9707876403354,
    "games": 429
  },
  "v024-connected-passed-pawns": {
    "elo": 1513.5917328282208,
    "games": 346
  },
  "v025-tablebase": {
    "elo": 1492.2812197094763,
    "games": 184
  },
  "velvet-1400": {
    "elo": 908.0520085692718,
    "games": 253
  },
  "velvet-1800": {
    "elo": 1379.016306354302,
    "games": 262
  },
  "velvet-2200": {
    "elo": 1436.288346831697,
    "games": 382
  },
  "velvet-2400": {
    "elo": 1424.2422332219046,
    "games": 197
  },
  "velvet-2600": {
    "elo": 1797.741232504664,
    "games": 363
  },
  "velvet-full": {
    "elo": 2232.878047700325,
    "games": 380
  }
}