{
  "v001-baseline": {
    "elo": 1442.437971759078,
    "games": 361
  },
  "v002-weak-queen": {
    "elo": 1467.8025677440176,
    "games": 2
  },
  "v003-improved": {
    "elo": 1527.830153914931,
    "games": 2
  },
  "v004-performance": {
    "elo": 1504.6212825278217,
    "games": 2
  },
  "v005-retain-opt": {
    "elo": 1467.7014122887042,
    "games": 2
  },
  "v006-arrayvec": {
    "elo": 1509.3243452828265,
    "games": 302
  },
  "v008-make-unmake-fixed": {
    "elo": 1517.4400634800402,
    "games": 32
  },
  "v008.1-history-bug-fix": {
    "elo": 1546.299658002895,
    "games": 2
  },
  "v009-unmake-opt": {
    "elo": 1514.5953896002536,
    "games": 32
  },
  "v010-arrayvec-movelist": {
    "elo": 1503.7685827362463,
    "games": 32
  },
  "v011-check-evasion": {
    "elo": 1513.025235296566,
    "games": 302
  },
  "v012-bishop-pair": {
    "elo": 1483.8560736084526,
    "games": 2
  },
  "v013-knight-fork": {
    "elo": 1506.3800182379093,
    "games": 2
  },
  "v014-rook-open-file": {
    "elo": 1466.0089453106798,
    "games": 2
  },
  "v015-rook-mobility": {
    "elo": 1447.805878929705,
    "games": 31
  },
  "v016-queen-mobility": {
    "elo": 1524.8328569980922,
    "games": 2
  },
  "v017-connected-rooks": {
    "elo": 1505.6892089379542,
    "games": 302
  },
  "v018-killer-fix": {
    "elo": 1483.7905067935421,
    "games": 2
  },
  "v019-capture-fix": {
    "elo": 1541.4414664556034,
    "games": 94
  }
}