{
  "maia-1100": {
    "elo": 1115.3585147465933,
    "games": 359
  },
  "maia-1200": {
    "elo": 1116.9508243152823,
    "games": 335
  },
  "maia-1300": {
    "elo": 1191.712184607525,
    "games": 346
  },
  "maia-1400": {
    "elo": 1296.2582229886416,
    "games": 332
  },
  "maia-1500": {
    "elo": 1195.1886238342508,
    "games": 326
  },
  "maia-1600": {
    "elo": 1210.138476815054,
    "games": 359
  },
  "maia-1700": {
    "elo": 1246.4295791381073,
    "games": 353
  },
  "maia-1800": {
    "elo": 1270.272884145961,
    "games": 344
  },
  "maia-1900": {
    "elo": 1332.2727417951446,
    "games": 368
  },
  "sf-1400": {
    "elo": 898.4983065100685,
    "games": 334
  },
  "sf-1600": {
    "elo": 1092.7918193179198,
    "games": 342
  },
  "sf-1800": {
    "elo": 1174.5429283207561,
    "games": 347
  },
  "sf-2000": {
    "elo": 1307.9365375684988,
    "games": 349
  },
  "sf-2200": {
    "elo": 1325.2029468013095,
    "games": 356
  },
  "sf-2400": {
    "elo": 1517.0716507738223,
    "games": 322
  },
  "sf-2600": {
    "elo": 1624.0739169342016,
    "games": 342
  },
  "sf-2800": {
    "elo": 1865.4514332584406,
    "games": 323
  },
  "sf-3000": {
    "elo": 2064.3617029903517,
    "games": 361
  },
  "sf-full": {
    "elo": 2169.5353630327086,
    "games": 352
  },
  "v001-baseline": {
    "elo": 1547.3012916104587,
    "games": 539
  },
  "v003-improved": {
    "elo": 1651.431320848672,
    "games": 326
  },
  "v004-performance": {
    "elo": 1598.1424432040708,
    "games": 400
  },
  "v005-retain-opt": {
    "elo": 1692.680118952551,
    "games": 370
  },
  "v006-arrayvec": {
    "elo": 1628.2374453516907,
    "games": 516
  },
  "v008-make-unmake-fixed": {
    "elo": 1601.3670936984126,
    "games": 346
  },
  "v008.1-history-bug-fix": {
    "elo": 1565.6217395109975,
    "games": 358
  },
  "v009-unmake-opt": {
    "elo": 1592.5495777848205,
    "games": 388
  },
  "v010-arrayvec-movelist": {
    "elo": 1578.6096931763782,
    "games": 388
  },
  "v011-check-evasion": {
    "elo": 1695.399189067944,
    "games": 506
  },
  "v012-bishop-pair": {
    "elo": 1615.767142771119,
    "games": 342
  },
  "v013-knight-fork": {
    "elo": 1617.8613999320326,
    "games": 341
  },
  "v014-rook-open-file": {
    "elo": 1592.2367436870363,
    "games": 338
  },
  "v015-rook-mobility": {
    "elo": 1632.1326522291859,
    "games": 355
  },
  "v016-queen-mobility": {
    "elo": 1547.7412658105864,
    "games": 370
  },
  "v017-connected-rooks": {
    "elo": 1590.9689569281732,
    "games": 499
  },
  "v018-killer-fix": {
    "elo": 1676.3405547018428,
    "games": 372
  },
  "v019-capture-fix": {
    "elo": 1658.782091163829,
    "games": 850
  },
  "v020-remove-harmful-eval": {
    "elo": 1578.99261854889,
    "games": 312
  },
  "v021-wrong-color-bishop": {
    "elo": 1669.4417967819334,
    "games": 277
  },
  "v022-king-activity": {
    "elo": 1598.4108999900438,
    "games": 272
  },
  "v023-kpk-draw": {
    "elo": 1631.6946522552375,
    "games": 75
  },
  "velvet-1400": {
    "elo": 1183.3901164974575,
    "games": 49
  },
  "velvet-1800": {
    "elo": 1455.0897536527957,
    "games": 43
  },
  "velvet-2200": {
    "elo": 1531.6933499187983,
    "games": 34
  },
  "velvet-2600": {
    "elo": 1752.96484100354,
    "games": 40
  },
  "velvet-full": {
    "elo": 1832.932320732847,
    "games": 42
  }
}