{
  "maia-1100": {
    "elo": 1145.1485320391678,
    "games": 462
  },
  "maia-1200": {
    "elo": 1192.4848315731588,
    "games": 431
  },
  "maia-1300": {
    "elo": 1368.8048401330286,
    "games": 426
  },
  "maia-1400": {
    "elo": 1296.6064188835044,
    "games": 440
  },
  "maia-1500": {
    "elo": 1366.9499350899953,
    "games": 420
  },
  "maia-1600": {
    "elo": 1318.0169587940904,
    "games": 428
  },
  "maia-1700": {
    "elo": 1449.2234305252462,
    "games": 724
  },
  "maia-1800": {
    "elo": 1460.9213393933576,
    "games": 712
  },
  "maia-1900": {
    "elo": 1568.0039874590889,
    "games": 771
  },
  "sf-1400": {
    "elo": 811.0597932423941,
    "games": 429
  },
  "sf-1600": {
    "elo": 976.4692247344051,
    "games": 418
  },
  "sf-1800": {
    "elo": 1188.8771475078154,
    "games": 425
  },
  "sf-2000": {
    "elo": 1258.6245573590936,
    "games": 439
  },
  "sf-2200": {
    "elo": 1291.403813768953,
    "games": 448
  },
  "sf-2400": {
    "elo": 1366.2864610174277,
    "games": 754
  },
  "sf-2600": {
    "elo": 1578.3403219586762,
    "games": 750
  },
  "sf-2700": {
    "elo": 1685.4958831180904,
    "games": 230
  },
  "sf-2800": {
    "elo": 1785.3122522791816,
    "games": 546
  },
  "sf-3000": {
    "elo": 1965.37474637955,
    "games": 561
  },
  "sf-full": {
    "elo": 2216.933131347814,
    "games": 563
  },
  "v001-baseline": {
    "elo": 1497.4402554595931,
    "games": 1032
  },
  "v003-improved": {
    "elo": 1622.6104666575045,
    "games": 734
  },
  "v004-performance": {
    "elo": 1501.0351329657638,
    "games": 777
  },
  "v005-retain-opt": {
    "elo": 1608.6040503183895,
    "games": 731
  },
  "v006-arrayvec": {
    "elo": 1596.0744652877543,
    "games": 832
  },
  "v008-make-unmake-fixed": {
    "elo": 1620.8535904363055,
    "games": 358
  },
  "v008.1-history-bug-fix": {
    "elo": 1575.6547358411337,
    "games": 364
  },
  "v009-unmake-opt": {
    "elo": 1596.0850153557237,
    "games": 402
  },
  "v010-arrayvec-movelist": {
    "elo": 1592.3001943926915,
    "games": 394
  },
  "v011-check-evasion": {
    "elo": 1632.7519681321319,
    "games": 530
  },
  "v012-bishop-pair": {
    "elo": 1587.3373852677166,
    "games": 358
  },
  "v013-knight-fork": {
    "elo": 1612.0415802018526,
    "games": 353
  },
  "v014-rook-open-file": {
    "elo": 1554.0597144450696,
    "games": 356
  },
  "v015-rook-mobility": {
    "elo": 1637.141589584193,
    "games": 359
  },
  "v016-queen-mobility": {
    "elo": 1586.465278914473,
    "games": 383
  },
  "v017-connected-rooks": {
    "elo": 1578.911496985227,
    "games": 525
  },
  "v018-killer-fix": {
    "elo": 1662.4900549056024,
    "games": 394
  },
  "v019-capture-fix": {
    "elo": 1527.8151995069766,
    "games": 1162
  },
  "v020-remove-harmful-eval": {
    "elo": 1538.9332122937155,
    "games": 694
  },
  "v021-wrong-color-bishop": {
    "elo": 1599.3559986725325,
    "games": 723
  },
  "v022-king-activity": {
    "elo": 1533.707543833257,
    "games": 657
  },
  "v023-kpk-draw": {
    "elo": 1538.2528392533056,
    "games": 622
  },
  "v024-connected-passed-pawns": {
    "elo": 1518.2538025833048,
    "games": 721
  },
  "v025-tablebase": {
    "elo": 1492.2812197094763,
    "games": 184
  },
  "v026-tablebase-perf": {
    "elo": 1498.4870299521774,
    "games": 175
  },
  "v027-tablebase-fast": {
    "elo": 1496.7887678196776,
    "games": 380
  },
  "v028-dtz-progress": {
    "elo": 1431.6896280876376,
    "games": 502
  },
  "v029-log-lmr": {
    "elo": 1519.2670232083508,
    "games": 223
  },
  "v029.tbl-log-lmr": {
    "elo": 1516.3657080786004,
    "games": 220
  },
  "v030-tb-root-only": {
    "elo": 1576.430593069753,
    "games": 133
  },
  "velvet-1400": {
    "elo": 908.0520085692718,
    "games": 253
  },
  "velvet-1800": {
    "elo": 1379.016306354302,
    "games": 262
  },
  "velvet-2200": {
    "elo": 1486.6545855713714,
    "games": 405
  },
  "velvet-2400": {
    "elo": 1435.1883738233328,
    "games": 236
  },
  "velvet-2600": {
    "elo": 1891.8322207016924,
    "games": 585
  },
  "velvet-full": {
    "elo": 2243.1259037428395,
    "games": 403
  }
}