{
  "java-rival-36": {
    "elo": 1488.4017901283426,
    "games": 149
  },
  "maia-1400": {
    "elo": 1351.0595781495842,
    "games": 171
  },
  "maia-1700": {
    "elo": 1500,
    "games": 0
  },
  "maia-1800": {
    "elo": 1500.0,
    "games": 0
  },
  "maia-1900": {
    "elo": 1413.351900864178,
    "games": 169
  },
  "sf-2400": {
    "elo": 1395.5180710454295,
    "games": 184
  },
  "sf-2600": {
    "elo": 1481.0564759035412,
    "games": 203
  },
  "sf-2800": {
    "elo": 1815.4271297253595,
    "games": 185
  },
  "v001-baseline": {
    "elo": 1428.8615979311853,
    "games": 193
  },
  "v003-improved": {
    "elo": 1491.5910527787091,
    "games": 156
  },
  "v004-performance": {
    "elo": 1557.3939845722455,
    "games": 204
  },
  "v005-retain-opt": {
    "elo": 1455.8325036637023,
    "games": 180
  },
  "v006-arrayvec": {
    "elo": 1549.3269191752163,
    "games": 183
  },
  "v020-remove-harmful-eval": {
    "elo": 1496.2875192959807,
    "games": 182
  },
  "v024-connected-passed-pawns": {
    "elo": 1453.8623113806675,
    "games": 171
  },
  "v029-log-lmr": {
    "elo": 1472.952326452174,
    "games": 179
  },
  "v031-delta-pruning": {
    "elo": 1490.6428130986844,
    "games": 76
  },
  "v032-history-lmr": {
    "elo": 1534.431499220019,
    "games": 61
  },
  "v033-trade-bonus": {
    "elo": 1503.8212269242558,
    "games": 14
  },
  "v034-threat-lmr": {
    "elo": 1440.4672359025005,
    "games": 14
  },
  "v035-pawn-push-ext": {
    "elo": 1498.6929093388426,
    "games": 10
  },
  "v036-frac-ext": {
    "elo": 1499.35864715532,
    "games": 14
  },
  "velvet-2600": {
    "elo": 1730.7972409098954,
    "games": 168
  }
}