{
  "v001-baseline": {
    "elo": 1408.4883149953098,
    "games": 415
  },
  "v003-improved": {
    "elo": 1510.1983750061786,
    "games": 54
  },
  "v004-performance": {
    "elo": 1526.8384279777506,
    "games": 62
  },
  "v005-retain-opt": {
    "elo": 1488.6505389808544,
    "games": 54
  },
  "v006-arrayvec": {
    "elo": 1533.012289869284,
    "games": 354
  },
  "v008-make-unmake-fixed": {
    "elo": 1586.2393839120127,
    "games": 89
  },
  "v008.1-history-bug-fix": {
    "elo": 1471.237632059059,
    "games": 53
  },
  "v009-unmake-opt": {
    "elo": 1504.9178632123385,
    "games": 86
  },
  "v010-arrayvec-movelist": {
    "elo": 1430.6503837543423,
    "games": 88
  },
  "v011-check-evasion": {
    "elo": 1513.9580794325798,
    "games": 350
  },
  "v012-bishop-pair": {
    "elo": 1559.185462840401,
    "games": 58
  },
  "v013-knight-fork": {
    "elo": 1555.8857984915014,
    "games": 47
  },
  "v014-rook-open-file": {
    "elo": 1532.5410840471357,
    "games": 58
  },
  "v015-rook-mobility": {
    "elo": 1430.873515067137,
    "games": 81
  },
  "v016-queen-mobility": {
    "elo": 1521.3019094032024,
    "games": 50
  },
  "v017-connected-rooks": {
    "elo": 1487.9197884999944,
    "games": 348
  },
  "v018-killer-fix": {
    "elo": 1517.4785269440233,
    "games": 50
  },
  "v019-capture-fix": {
    "elo": 1522.8374990138122,
    "games": 733
  }
}