{
  "v001-baseline": {
    "elo": 1442.0718315278643,
    "games": 409
  },
  "v003-improved": {
    "elo": 1507.9167014752954,
    "games": 48
  },
  "v004-performance": {
    "elo": 1535.6987652747143,
    "games": 48
  },
  "v005-retain-opt": {
    "elo": 1484.8968394479027,
    "games": 50
  },
  "v006-arrayvec": {
    "elo": 1511.3153344964123,
    "games": 346
  },
  "v008-make-unmake-fixed": {
    "elo": 1575.9681214130667,
    "games": 80
  },
  "v008.1-history-bug-fix": {
    "elo": 1467.517951786199,
    "games": 51
  },
  "v009-unmake-opt": {
    "elo": 1546.1609369561857,
    "games": 80
  },
  "v010-arrayvec-movelist": {
    "elo": 1421.2460968664482,
    "games": 77
  },
  "v011-check-evasion": {
    "elo": 1513.9580794325798,
    "games": 350
  },
  "v012-bishop-pair": {
    "elo": 1548.579192574482,
    "games": 50
  },
  "v013-knight-fork": {
    "elo": 1532.0740521008663,
    "games": 42
  },
  "v014-rook-open-file": {
    "elo": 1525.3571500535072,
    "games": 53
  },
  "v015-rook-mobility": {
    "elo": 1453.769600106019,
    "games": 75
  },
  "v016-queen-mobility": {
    "elo": 1501.1753434675989,
    "games": 40
  },
  "v017-connected-rooks": {
    "elo": 1480.5522904950649,
    "games": 344
  },
  "v018-killer-fix": {
    "elo": 1527.410730128043,
    "games": 42
  },
  "v019-capture-fix": {
    "elo": 1526.5458559046674,
    "games": 729
  }
}