{
  "maia-1100": {
    "elo": 1133.942659201596,
    "games": 212
  },
  "maia-1200": {
    "elo": 1192.873292415441,
    "games": 208
  },
  "maia-1300": {
    "elo": 1252.5239271019404,
    "games": 206
  },
  "maia-1400": {
    "elo": 1249.2500915073056,
    "games": 210
  },
  "maia-1500": {
    "elo": 1296.8076385305915,
    "games": 202
  },
  "maia-1600": {
    "elo": 1284.3503093617603,
    "games": 213
  },
  "maia-1700": {
    "elo": 1253.447301840061,
    "games": 213
  },
  "maia-1800": {
    "elo": 1294.552486127031,
    "games": 204
  },
  "maia-1900": {
    "elo": 1273.4415368090447,
    "games": 224
  },
  "sf-1400": {
    "elo": 999.902792602752,
    "games": 210
  },
  "sf-1600": {
    "elo": 1163.0116996507459,
    "games": 216
  },
  "sf-1800": {
    "elo": 1255.706995524215,
    "games": 194
  },
  "sf-2000": {
    "elo": 1309.8775856963714,
    "games": 195
  },
  "sf-2200": {
    "elo": 1405.18295325884,
    "games": 200
  },
  "sf-2400": {
    "elo": 1558.5915569426022,
    "games": 182
  },
  "sf-2600": {
    "elo": 1680.7000984988076,
    "games": 212
  },
  "sf-2800": {
    "elo": 1772.283804414672,
    "games": 196
  },
  "sf-3000": {
    "elo": 1971.6172785055858,
    "games": 210
  },
  "sf-full": {
    "elo": 2071.0613772108836,
    "games": 204
  },
  "v001-baseline": {
    "elo": 1563.8585801989711,
    "games": 479
  },
  "v003-improved": {
    "elo": 1651.7006158344382,
    "games": 224
  },
  "v004-performance": {
    "elo": 1614.2817394988788,
    "games": 266
  },
  "v005-retain-opt": {
    "elo": 1648.8801267911567,
    "games": 239
  },
  "v006-arrayvec": {
    "elo": 1579.6232584646705,
    "games": 438
  },
  "v008-make-unmake-fixed": {
    "elo": 1641.2518039800254,
    "games": 240
  },
  "v008.1-history-bug-fix": {
    "elo": 1604.1446194952337,
    "games": 233
  },
  "v009-unmake-opt": {
    "elo": 1596.817201664197,
    "games": 264
  },
  "v010-arrayvec-movelist": {
    "elo": 1566.975207056407,
    "games": 262
  },
  "v011-check-evasion": {
    "elo": 1570.2579532242505,
    "games": 428
  },
  "v012-bishop-pair": {
    "elo": 1635.6456197476293,
    "games": 228
  },
  "v013-knight-fork": {
    "elo": 1636.4395044206367,
    "games": 215
  },
  "v014-rook-open-file": {
    "elo": 1636.1227968829621,
    "games": 238
  },
  "v015-rook-mobility": {
    "elo": 1570.9499139868142,
    "games": 248
  },
  "v016-queen-mobility": {
    "elo": 1651.7474728590707,
    "games": 236
  },
  "v017-connected-rooks": {
    "elo": 1584.8642742581253,
    "games": 425
  },
  "v018-killer-fix": {
    "elo": 1626.8391407238707,
    "games": 240
  },
  "v019-capture-fix": {
    "elo": 1626.2536890924664,
    "games": 796
  },
  "v020-remove-harmful-eval": {
    "elo": 1608.4490639882397,
    "games": 148
  },
  "v021-wrong-color-bishop": {
    "elo": 1519.1123846527996,
    "games": 8
  },
  "v022-king-activity": {
    "elo": 1550.89239842846,
    "games": 8
  }
}