{
  "java-rival-36": {
    "elo": 1487.9947982589015,
    "games": 237
  },
  "maia-1400": {
    "elo": 1329.3087856911272,
    "games": 247
  },
  "maia-1700": {
    "elo": 1500,
    "games": 0
  },
  "maia-1800": {
    "elo": 1500.0,
    "games": 0
  },
  "maia-1900": {
    "elo": 1475.4323891537301,
    "games": 249
  },
  "sf-2400": {
    "elo": 1345.5126277501206,
    "games": 289
  },
  "sf-2600": {
    "elo": 1538.5194792721586,
    "games": 279
  },
  "sf-2800": {
    "elo": 1809.35356280964,
    "games": 263
  },
  "sf-3000": {
    "elo": 1549.2912023265,
    "games": 5
  },
  "v001-baseline": {
    "elo": 1474.6825107622597,
    "games": 279
  },
  "v003-improved": {
    "elo": 1454.1140325425729,
    "games": 250
  },
  "v004-performance": {
    "elo": 1517.4028298386424,
    "games": 261
  },
  "v005-retain-opt": {
    "elo": 1496.2842537211086,
    "games": 268
  },
  "v006-arrayvec": {
    "elo": 1527.4747725755635,
    "games": 277
  },
  "v020-remove-harmful-eval": {
    "elo": 1520.1943862116232,
    "games": 253
  },
  "v024-connected-passed-pawns": {
    "elo": 1482.8415248654103,
    "games": 227
  },
  "v029-log-lmr": {
    "elo": 1498.8777090579135,
    "games": 283
  },
  "v031-delta-pruning": {
    "elo": 1526.9795009773043,
    "games": 176
  },
  "v032-history-lmr": {
    "elo": 1455.9387791964175,
    "games": 166
  },
  "v033-trade-bonus": {
    "elo": 1461.0251990966397,
    "games": 167
  },
  "v034-threat-lmr": {
    "elo": 1488.7185980988886,
    "games": 151
  },
  "v035-pawn-push-ext": {
    "elo": 1495.536743250645,
    "games": 163
  },
  "v036-frac-ext": {
    "elo": 1440.3189378763252,
    "games": 141
  },
  "v037-optimized": {
    "elo": 1476.7905367759931,
    "games": 6
  },
  "velvet-2600": {
    "elo": 1706.4870504037845,
    "games": 239
  }
}