{
  "maia-1100": {
    "elo": 1387.876932731005,
    "games": 64
  },
  "maia-1200": {
    "elo": 1275.8098198360265,
    "games": 68
  },
  "maia-1300": {
    "elo": 1338.6451902277602,
    "games": 68
  },
  "maia-1400": {
    "elo": 1375.5533753988818,
    "games": 66
  },
  "maia-1500": {
    "elo": 1380.5963089077256,
    "games": 62
  },
  "maia-1600": {
    "elo": 1363.0860561514382,
    "games": 77
  },
  "maia-1700": {
    "elo": 1376.2548445836278,
    "games": 72
  },
  "maia-1800": {
    "elo": 1306.9203080123266,
    "games": 70
  },
  "maia-1900": {
    "elo": 1382.6855053626773,
    "games": 74
  },
  "sf-1400": {
    "elo": 1136.0548430855197,
    "games": 64
  },
  "sf-1600": {
    "elo": 1249.5897078545681,
    "games": 68
  },
  "sf-1800": {
    "elo": 1389.5205652392888,
    "games": 76
  },
  "sf-2000": {
    "elo": 1424.658578952865,
    "games": 68
  },
  "sf-2200": {
    "elo": 1555.4557319971452,
    "games": 62
  },
  "sf-2400": {
    "elo": 1550.5310969528884,
    "games": 70
  },
  "sf-2600": {
    "elo": 1682.525876507909,
    "games": 84
  },
  "sf-2800": {
    "elo": 1793.0962767311719,
    "games": 58
  },
  "sf-3000": {
    "elo": 1839.332016664987,
    "games": 66
  },
  "sf-full": {
    "elo": 1926.2164375888178,
    "games": 73
  },
  "v001-baseline": {
    "elo": 1408.2008116571285,
    "games": 441
  },
  "v003-improved": {
    "elo": 1501.3388699457641,
    "games": 128
  },
  "v004-performance": {
    "elo": 1598.4035091887424,
    "games": 144
  },
  "v005-retain-opt": {
    "elo": 1541.4825940459655,
    "games": 127
  },
  "v006-arrayvec": {
    "elo": 1550.489787148605,
    "games": 378
  },
  "v008-make-unmake-fixed": {
    "elo": 1516.6366300397258,
    "games": 155
  },
  "v008.1-history-bug-fix": {
    "elo": 1571.6869546317491,
    "games": 131
  },
  "v009-unmake-opt": {
    "elo": 1517.50371854882,
    "games": 152
  },
  "v010-arrayvec-movelist": {
    "elo": 1514.2632311915274,
    "games": 160
  },
  "v011-check-evasion": {
    "elo": 1553.679673635071,
    "games": 380
  },
  "v012-bishop-pair": {
    "elo": 1536.1769204716438,
    "games": 130
  },
  "v013-knight-fork": {
    "elo": 1603.9777089776567,
    "games": 129
  },
  "v014-rook-open-file": {
    "elo": 1624.703199395316,
    "games": 140
  },
  "v015-rook-mobility": {
    "elo": 1524.478375468297,
    "games": 142
  },
  "v016-queen-mobility": {
    "elo": 1577.625715758045,
    "games": 126
  },
  "v017-connected-rooks": {
    "elo": 1549.0598368705673,
    "games": 371
  },
  "v018-killer-fix": {
    "elo": 1535.1785333218718,
    "games": 120
  },
  "v019-capture-fix": {
    "elo": 1579.445353133863,
    "games": 760
  }
}