{
  "maia-1100": {
    "elo": 1077.5725199393219,
    "games": 200
  },
  "maia-1200": {
    "elo": 1192.501703212235,
    "games": 204
  },
  "maia-1300": {
    "elo": 1271.0301772894131,
    "games": 192
  },
  "maia-1400": {
    "elo": 1233.4513016093024,
    "games": 198
  },
  "maia-1500": {
    "elo": 1310.2579524342468,
    "games": 196
  },
  "maia-1600": {
    "elo": 1293.3244649219046,
    "games": 205
  },
  "maia-1700": {
    "elo": 1252.7153660307702,
    "games": 203
  },
  "maia-1800": {
    "elo": 1300.4406893547562,
    "games": 192
  },
  "maia-1900": {
    "elo": 1264.485541069134,
    "games": 218
  },
  "sf-1400": {
    "elo": 1008.6204708620284,
    "games": 204
  },
  "sf-1600": {
    "elo": 1181.4813833202318,
    "games": 206
  },
  "sf-1800": {
    "elo": 1249.6523135218683,
    "games": 188
  },
  "sf-2000": {
    "elo": 1305.5477940697092,
    "games": 190
  },
  "sf-2200": {
    "elo": 1432.9716271275884,
    "games": 194
  },
  "sf-2400": {
    "elo": 1569.7490674272162,
    "games": 178
  },
  "sf-2600": {
    "elo": 1704.2025974358487,
    "games": 206
  },
  "sf-2800": {
    "elo": 1771.0927977558601,
    "games": 186
  },
  "sf-3000": {
    "elo": 1946.6490612504124,
    "games": 202
  },
  "sf-full": {
    "elo": 2058.286401036832,
    "games": 194
  },
  "v001-baseline": {
    "elo": 1536.543972091069,
    "games": 473
  },
  "v003-improved": {
    "elo": 1648.3248160112473,
    "games": 222
  },
  "v004-performance": {
    "elo": 1616.6614079620051,
    "games": 262
  },
  "v005-retain-opt": {
    "elo": 1634.559074790476,
    "games": 229
  },
  "v006-arrayvec": {
    "elo": 1590.0061135025626,
    "games": 436
  },
  "v008-make-unmake-fixed": {
    "elo": 1632.558483158458,
    "games": 235
  },
  "v008.1-history-bug-fix": {
    "elo": 1643.341103720675,
    "games": 229
  },
  "v009-unmake-opt": {
    "elo": 1609.2200760924222,
    "games": 252
  },
  "v010-arrayvec-movelist": {
    "elo": 1587.2633770702198,
    "games": 256
  },
  "v011-check-evasion": {
    "elo": 1569.4078386342205,
    "games": 424
  },
  "v012-bishop-pair": {
    "elo": 1623.654143433505,
    "games": 224
  },
  "v013-knight-fork": {
    "elo": 1654.1222038587832,
    "games": 209
  },
  "v014-rook-open-file": {
    "elo": 1648.693978867124,
    "games": 224
  },
  "v015-rook-mobility": {
    "elo": 1567.1913408362348,
    "games": 238
  },
  "v016-queen-mobility": {
    "elo": 1673.8224940672424,
    "games": 226
  },
  "v017-connected-rooks": {
    "elo": 1587.8917905590652,
    "games": 421
  },
  "v018-killer-fix": {
    "elo": 1586.8621680378471,
    "games": 234
  },
  "v019-capture-fix": {
    "elo": 1605.1399310755257,
    "games": 794
  },
  "v020-remove-harmful-eval": {
    "elo": 1628.1576780636362,
    "games": 140
  }
}