{
  "maia-1100": {
    "elo": 1109.4882350806602,
    "games": 236
  },
  "maia-1200": {
    "elo": 1205.4826001848746,
    "games": 218
  },
  "maia-1300": {
    "elo": 1207.3102603363373,
    "games": 226
  },
  "maia-1400": {
    "elo": 1245.4421282227543,
    "games": 220
  },
  "maia-1500": {
    "elo": 1263.4962277042412,
    "games": 226
  },
  "maia-1600": {
    "elo": 1303.3644124443167,
    "games": 229
  },
  "maia-1700": {
    "elo": 1214.8268902352545,
    "games": 233
  },
  "maia-1800": {
    "elo": 1303.7940789745917,
    "games": 224
  },
  "maia-1900": {
    "elo": 1332.9203252844288,
    "games": 240
  },
  "sf-1400": {
    "elo": 969.4937696335211,
    "games": 228
  },
  "sf-1600": {
    "elo": 1172.8450760237854,
    "games": 238
  },
  "sf-1800": {
    "elo": 1240.4398075835993,
    "games": 204
  },
  "sf-2000": {
    "elo": 1292.2165928271722,
    "games": 211
  },
  "sf-2200": {
    "elo": 1410.0203924307464,
    "games": 218
  },
  "sf-2400": {
    "elo": 1472.1186297267902,
    "games": 212
  },
  "sf-2600": {
    "elo": 1663.6455765848857,
    "games": 232
  },
  "sf-2800": {
    "elo": 1782.7225640619683,
    "games": 206
  },
  "sf-3000": {
    "elo": 1979.3913152095486,
    "games": 218
  },
  "sf-full": {
    "elo": 2074.434594676212,
    "games": 224
  },
  "v001-baseline": {
    "elo": 1584.3243022483884,
    "games": 489
  },
  "v003-improved": {
    "elo": 1633.7238980503662,
    "games": 240
  },
  "v004-performance": {
    "elo": 1638.463958166226,
    "games": 280
  },
  "v005-retain-opt": {
    "elo": 1645.7130514727594,
    "games": 251
  },
  "v006-arrayvec": {
    "elo": 1601.0754976236076,
    "games": 448
  },
  "v008-make-unmake-fixed": {
    "elo": 1652.9667852988493,
    "games": 256
  },
  "v008.1-history-bug-fix": {
    "elo": 1628.3323849662806,
    "games": 245
  },
  "v009-unmake-opt": {
    "elo": 1562.4409151197979,
    "games": 276
  },
  "v010-arrayvec-movelist": {
    "elo": 1578.8750441646089,
    "games": 268
  },
  "v011-check-evasion": {
    "elo": 1576.1541033040928,
    "games": 430
  },
  "v012-bishop-pair": {
    "elo": 1622.888234013362,
    "games": 240
  },
  "v013-knight-fork": {
    "elo": 1626.9509552132863,
    "games": 229
  },
  "v014-rook-open-file": {
    "elo": 1638.4020691303124,
    "games": 246
  },
  "v015-rook-mobility": {
    "elo": 1624.9659538701471,
    "games": 258
  },
  "v016-queen-mobility": {
    "elo": 1577.920381247705,
    "games": 252
  },
  "v017-connected-rooks": {
    "elo": 1585.4692153042456,
    "games": 431
  },
  "v018-killer-fix": {
    "elo": 1644.950147147284,
    "games": 254
  },
  "v019-capture-fix": {
    "elo": 1634.8839262553115,
    "games": 800
  },
  "v020-remove-harmful-eval": {
    "elo": 1596.8652366461165,
    "games": 172
  },
  "v021-wrong-color-bishop": {
    "elo": 1596.1755993447032,
    "games": 84
  },
  "v022-king-activity": {
    "elo": 1653.2334787662844,
    "games": 78
  }
}