{
  "maia-1100": {
    "elo": 1140.7172311662557,
    "games": 350
  },
  "maia-1200": {
    "elo": 1146.9047523608906,
    "games": 320
  },
  "maia-1300": {
    "elo": 1202.7390001592512,
    "games": 338
  },
  "maia-1400": {
    "elo": 1284.0596330820315,
    "games": 324
  },
  "maia-1500": {
    "elo": 1204.9433587827434,
    "games": 320
  },
  "maia-1600": {
    "elo": 1217.591386607136,
    "games": 347
  },
  "maia-1700": {
    "elo": 1231.0541924211527,
    "games": 345
  },
  "maia-1800": {
    "elo": 1299.3234421914779,
    "games": 334
  },
  "maia-1900": {
    "elo": 1292.838050119812,
    "games": 360
  },
  "sf-1400": {
    "elo": 900.0204044382109,
    "games": 332
  },
  "sf-1600": {
    "elo": 1050.7111465243354,
    "games": 332
  },
  "sf-1800": {
    "elo": 1169.1057272363628,
    "games": 344
  },
  "sf-2000": {
    "elo": 1325.0735632440806,
    "games": 343
  },
  "sf-2200": {
    "elo": 1305.1729274818165,
    "games": 346
  },
  "sf-2400": {
    "elo": 1509.8566607870805,
    "games": 306
  },
  "sf-2600": {
    "elo": 1612.1813777214359,
    "games": 336
  },
  "sf-2800": {
    "elo": 1898.9510427349378,
    "games": 314
  },
  "sf-3000": {
    "elo": 2072.704315614567,
    "games": 348
  },
  "sf-full": {
    "elo": 2162.050145649251,
    "games": 338
  },
  "v001-baseline": {
    "elo": 1550.9710484815103,
    "games": 533
  },
  "v003-improved": {
    "elo": 1642.2151606137195,
    "games": 324
  },
  "v004-performance": {
    "elo": 1610.7357211869466,
    "games": 398
  },
  "v005-retain-opt": {
    "elo": 1705.4424200940052,
    "games": 359
  },
  "v006-arrayvec": {
    "elo": 1644.083466496236,
    "games": 512
  },
  "v008-make-unmake-fixed": {
    "elo": 1634.6720356088313,
    "games": 340
  },
  "v008.1-history-bug-fix": {
    "elo": 1577.2821823115796,
    "games": 353
  },
  "v009-unmake-opt": {
    "elo": 1574.910593539545,
    "games": 382
  },
  "v010-arrayvec-movelist": {
    "elo": 1570.329984875609,
    "games": 384
  },
  "v011-check-evasion": {
    "elo": 1662.3493380752313,
    "games": 500
  },
  "v012-bishop-pair": {
    "elo": 1604.7685209657486,
    "games": 338
  },
  "v013-knight-fork": {
    "elo": 1627.2484623872626,
    "games": 333
  },
  "v014-rook-open-file": {
    "elo": 1611.683282320287,
    "games": 332
  },
  "v015-rook-mobility": {
    "elo": 1634.6630453024802,
    "games": 340
  },
  "v016-queen-mobility": {
    "elo": 1602.2518029963921,
    "games": 354
  },
  "v017-connected-rooks": {
    "elo": 1636.306740657896,
    "games": 487
  },
  "v018-killer-fix": {
    "elo": 1666.686924525152,
    "games": 356
  },
  "v019-capture-fix": {
    "elo": 1654.1521275785897,
    "games": 846
  },
  "v020-remove-harmful-eval": {
    "elo": 1600.6813046581874,
    "games": 308
  },
  "v021-wrong-color-bishop": {
    "elo": 1678.4537207483145,
    "games": 268
  },
  "v022-king-activity": {
    "elo": 1632.3423728330686,
    "games": 262
  }
}