{
  "v001-baseline": {
    "elo": 1445.3472704173787,
    "games": 411
  },
  "v003-improved": {
    "elo": 1486.2071228265604,
    "games": 50
  },
  "v004-performance": {
    "elo": 1534.8112666189716,
    "games": 56
  },
  "v005-retain-opt": {
    "elo": 1488.6505389808544,
    "games": 54
  },
  "v006-arrayvec": {
    "elo": 1533.012289869284,
    "games": 354
  },
  "v008-make-unmake-fixed": {
    "elo": 1577.0569170721392,
    "games": 85
  },
  "v008.1-history-bug-fix": {
    "elo": 1467.517951786199,
    "games": 51
  },
  "v009-unmake-opt": {
    "elo": 1516.6138716607718,
    "games": 84
  },
  "v010-arrayvec-movelist": {
    "elo": 1410.877620769129,
    "games": 80
  },
  "v011-check-evasion": {
    "elo": 1513.9580794325798,
    "games": 350
  },
  "v012-bishop-pair": {
    "elo": 1559.185462840401,
    "games": 58
  },
  "v013-knight-fork": {
    "elo": 1542.2184677860737,
    "games": 44
  },
  "v014-rook-open-file": {
    "elo": 1532.5410840471357,
    "games": 58
  },
  "v015-rook-mobility": {
    "elo": 1443.3369715357776,
    "games": 79
  },
  "v016-queen-mobility": {
    "elo": 1527.0530264097704,
    "games": 48
  },
  "v017-connected-rooks": {
    "elo": 1493.6050871138402,
    "games": 345
  },
  "v018-killer-fix": {
    "elo": 1502.3560942659822,
    "games": 48
  },
  "v019-capture-fix": {
    "elo": 1527.8657500740687,
    "games": 731
  }
}