{
  "java-rival-36": {
    "elo": 2436.7949227553436,
    "games": 324
  },
  "maia-1100": {
    "elo": 1500.0,
    "games": 0
  },
  "maia-1200": {
    "elo": 1500.0,
    "games": 0
  },
  "maia-1300": {
    "elo": 1500.0,
    "games": 0
  },
  "maia-1400": {
    "elo": 1500.0,
    "games": 0
  },
  "maia-1500": {
    "elo": 1500.0,
    "games": 0
  },
  "maia-1600": {
    "elo": 1500.0,
    "games": 0
  },
  "maia-1700": {
    "elo": 1500.0,
    "games": 0
  },
  "maia-1800": {
    "elo": 1500.0,
    "games": 0
  },
  "maia-1900": {
    "elo": 1500.0,
    "games": 0
  },
  "sf-1400": {
    "elo": 1500.0,
    "games": 0
  },
  "sf-1600": {
    "elo": 1670.6729813665602,
    "games": 301
  },
  "sf-1800": {
    "elo": 1952.8944260713397,
    "games": 312
  },
  "sf-2000": {
    "elo": 1953.254368788941,
    "games": 288
  },
  "sf-2200": {
    "elo": 2205.39882333298,
    "games": 312
  },
  "sf-2400": {
    "elo": 2373.4577368870137,
    "games": 280
  },
  "sf-2600": {
    "elo": 2464.6685973994686,
    "games": 306
  },
  "sf-2700": {
    "elo": 1500.0,
    "games": 0
  },
  "sf-2800": {
    "elo": 2759.742494930065,
    "games": 1391
  },
  "sf-3000": {
    "elo": 3066.0820927440864,
    "games": 385
  },
  "sf-full": {
    "elo": 1500.0,
    "games": 0
  },
  "v001-baseline": {
    "elo": 2463.340121607879,
    "games": 320
  },
  "v003-improved": {
    "elo": 2606.3509560497782,
    "games": 292
  },
  "v004-performance": {
    "elo": 2503.697907255914,
    "games": 275
  },
  "v005-retain-opt": {
    "elo": 2505.1551430531604,
    "games": 304
  },
  "v006-arrayvec": {
    "elo": 2534.9655443213674,
    "games": 290
  },
  "v008-make-unmake-fixed": {
    "elo": 1500.0,
    "games": 0
  },
  "v008.1-history-bug-fix": {
    "elo": 1500.0,
    "games": 0
  },
  "v009-unmake-opt": {
    "elo": 1500.0,
    "games": 0
  },
  "v010-arrayvec-movelist": {
    "elo": 1500.0,
    "games": 0
  },
  "v011-check-evasion": {
    "elo": 1500.0,
    "games": 0
  },
  "v012-bishop-pair": {
    "elo": 1500.0,
    "games": 0
  },
  "v013-knight-fork": {
    "elo": 1500.0,
    "games": 0
  },
  "v014-rook-open-file": {
    "elo": 1500.0,
    "games": 0
  },
  "v015-rook-mobility": {
    "elo": 1500.0,
    "games": 0
  },
  "v016-queen-mobility": {
    "elo": 1500.0,
    "games": 0
  },
  "v017-connected-rooks": {
    "elo": 1500.0,
    "games": 0
  },
  "v018-killer-fix": {
    "elo": 1500.0,
    "games": 0
  },
  "v019-capture-fix": {
    "elo": 1500.0,
    "games": 0
  },
  "v020-remove-harmful-eval": {
    "elo": 2563.5830195316917,
    "games": 294
  },
  "v021-wrong-color-bishop": {
    "elo": 1500.0,
    "games": 0
  },
  "v022-king-activity": {
    "elo": 1500.0,
    "games": 0
  },
  "v023-kpk-draw": {
    "elo": 1500.0,
    "games": 0
  },
  "v024-connected-passed-pawns": {
    "elo": 2428.6920276517476,
    "games": 299
  },
  "v025-tablebase": {
    "elo": 1500.0,
    "games": 0
  },
  "v026-tablebase-perf": {
    "elo": 1500.0,
    "games": 0
  },
  "v027-tablebase-fast": {
    "elo": 1500.0,
    "games": 0
  },
  "v028-dtz-progress": {
    "elo": 1500.0,
    "games": 0
  },
  "v029-log-lmr": {
    "elo": 2485.3700007461325,
    "games": 306
  },
  "v029.tbl-log-lmr": {
    "elo": 1500.0,
    "games": 0
  },
  "v030-tb-root-only": {
    "elo": 1500.0,
    "games": 0
  },
  "v031-delta-pruning": {
    "elo": 2604.1265737329745,
    "games": 274
  },
  "v032-history-lmr": {
    "elo": 2540.0688457752153,
    "games": 302
  },
  "v033-trade-bonus": {
    "elo": 2496.1557165112245,
    "games": 326
  },
  "v034-threat-lmr": {
    "elo": 2498.2038948285394,
    "games": 318
  },
  "v035-pawn-push-ext": {
    "elo": 2533.068543116722,
    "games": 306
  },
  "v036-frac-ext": {
    "elo": 2490.723171688944,
    "games": 285
  },
  "v037-optimized": {
    "elo": 2507.8235537882824,
    "games": 306
  },
  "velvet-1400": {
    "elo": 1500.0,
    "games": 0
  },
  "velvet-1800": {
    "elo": 1500.0,
    "games": 0
  },
  "velvet-2200": {
    "elo": 1500.0,
    "games": 0
  },
  "velvet-2400": {
    "elo": 1500.0,
    "games": 0
  },
  "velvet-2600": {
    "elo": 1500.0,
    "games": 0
  },
  "velvet-full": {
    "elo": 1500.0,
    "games": 0
  }
}