{
  "maia-1100": {
    "elo": 1113.285814336939,
    "games": 370
  },
  "maia-1200": {
    "elo": 1112.9970341042663,
    "games": 351
  },
  "maia-1300": {
    "elo": 1277.1004856494155,
    "games": 364
  },
  "maia-1400": {
    "elo": 1303.6922127044825,
    "games": 344
  },
  "maia-1500": {
    "elo": 1201.0777881835343,
    "games": 339
  },
  "maia-1600": {
    "elo": 1223.7255717181345,
    "games": 371
  },
  "maia-1700": {
    "elo": 1258.3168262737313,
    "games": 367
  },
  "maia-1800": {
    "elo": 1309.1451534241276,
    "games": 360
  },
  "maia-1900": {
    "elo": 1333.6756753074421,
    "games": 379
  },
  "sf-1400": {
    "elo": 882.8414140753534,
    "games": 346
  },
  "sf-1600": {
    "elo": 1085.4151572176786,
    "games": 353
  },
  "sf-1800": {
    "elo": 1185.7383439927064,
    "games": 362
  },
  "sf-2000": {
    "elo": 1259.1368710509212,
    "games": 367
  },
  "sf-2200": {
    "elo": 1329.123210082743,
    "games": 373
  },
  "sf-2400": {
    "elo": 1538.2732532336834,
    "games": 338
  },
  "sf-2600": {
    "elo": 1567.9818681791046,
    "games": 360
  },
  "sf-2800": {
    "elo": 1800.443062930345,
    "games": 346
  },
  "sf-3000": {
    "elo": 2068.4397438850433,
    "games": 384
  },
  "sf-full": {
    "elo": 2188.1317060593437,
    "games": 371
  },
  "v001-baseline": {
    "elo": 1546.6429974677983,
    "games": 543
  },
  "v003-improved": {
    "elo": 1637.6619558757843,
    "games": 345
  },
  "v004-performance": {
    "elo": 1582.1567502188564,
    "games": 416
  },
  "v005-retain-opt": {
    "elo": 1652.9623103935828,
    "games": 385
  },
  "v006-arrayvec": {
    "elo": 1618.0118138531873,
    "games": 528
  },
  "v008-make-unmake-fixed": {
    "elo": 1620.8535904363055,
    "games": 358
  },
  "v008.1-history-bug-fix": {
    "elo": 1575.6547358411337,
    "games": 364
  },
  "v009-unmake-opt": {
    "elo": 1596.0850153557237,
    "games": 402
  },
  "v010-arrayvec-movelist": {
    "elo": 1592.3001943926915,
    "games": 394
  },
  "v011-check-evasion": {
    "elo": 1632.7519681321319,
    "games": 530
  },
  "v012-bishop-pair": {
    "elo": 1587.3373852677166,
    "games": 358
  },
  "v013-knight-fork": {
    "elo": 1612.0415802018526,
    "games": 353
  },
  "v014-rook-open-file": {
    "elo": 1554.0597144450696,
    "games": 356
  },
  "v015-rook-mobility": {
    "elo": 1637.141589584193,
    "games": 359
  },
  "v016-queen-mobility": {
    "elo": 1586.465278914473,
    "games": 383
  },
  "v017-connected-rooks": {
    "elo": 1578.911496985227,
    "games": 525
  },
  "v018-killer-fix": {
    "elo": 1662.4900549056024,
    "games": 394
  },
  "v019-capture-fix": {
    "elo": 1674.8532708576802,
    "games": 858
  },
  "v020-remove-harmful-eval": {
    "elo": 1543.984315315704,
    "games": 329
  },
  "v021-wrong-color-bishop": {
    "elo": 1672.1104383922425,
    "games": 298
  },
  "v022-king-activity": {
    "elo": 1616.221913189597,
    "games": 293
  },
  "v023-kpk-draw": {
    "elo": 1639.4040716323948,
    "games": 127
  },
  "v024-connected-passed-pawns": {
    "elo": 1509.518640984321,
    "games": 11
  },
  "velvet-1400": {
    "elo": 1105.364554376801,
    "games": 105
  },
  "velvet-1800": {
    "elo": 1330.716098736021,
    "games": 92
  },
  "velvet-2200": {
    "elo": 1587.059375189703,
    "games": 100
  },
  "velvet-2600": {
    "elo": 1816.16393241337,
    "games": 106
  },
  "velvet-full": {
    "elo": 2032.729657296352,
    "games": 125
  }
}