{
  "maia-1100": {
    "elo": 1145.1485320391678,
    "games": 462
  },
  "maia-1200": {
    "elo": 1192.4848315731588,
    "games": 431
  },
  "maia-1300": {
    "elo": 1368.8048401330286,
    "games": 426
  },
  "maia-1400": {
    "elo": 1296.6064188835044,
    "games": 440
  },
  "maia-1500": {
    "elo": 1366.9499350899953,
    "games": 420
  },
  "maia-1600": {
    "elo": 1318.0169587940904,
    "games": 428
  },
  "maia-1700": {
    "elo": 1400.5303878696889,
    "games": 454
  },
  "maia-1800": {
    "elo": 1383.0626523361898,
    "games": 434
  },
  "maia-1900": {
    "elo": 1418.5037111110905,
    "games": 475
  },
  "sf-1400": {
    "elo": 811.0597932423941,
    "games": 429
  },
  "sf-1600": {
    "elo": 976.4692247344051,
    "games": 418
  },
  "sf-1800": {
    "elo": 1188.8771475078154,
    "games": 425
  },
  "sf-2000": {
    "elo": 1258.6245573590936,
    "games": 439
  },
  "sf-2200": {
    "elo": 1291.403813768953,
    "games": 448
  },
  "sf-2400": {
    "elo": 1419.061997297187,
    "games": 455
  },
  "sf-2600": {
    "elo": 1582.3876941022427,
    "games": 436
  },
  "sf-2700": {
    "elo": 1613.4905497399654,
    "games": 23
  },
  "sf-2800": {
    "elo": 1799.4267971272236,
    "games": 438
  },
  "sf-3000": {
    "elo": 2011.1269014937473,
    "games": 471
  },
  "sf-full": {
    "elo": 2198.7833262820936,
    "games": 439
  },
  "v001-baseline": {
    "elo": 1583.9400674711,
    "games": 604
  },
  "v003-improved": {
    "elo": 1557.6315168311273,
    "games": 444
  },
  "v004-performance": {
    "elo": 1531.847459812427,
    "games": 506
  },
  "v005-retain-opt": {
    "elo": 1569.1112366527589,
    "games": 465
  },
  "v006-arrayvec": {
    "elo": 1529.8455526905445,
    "games": 590
  },
  "v008-make-unmake-fixed": {
    "elo": 1620.8535904363055,
    "games": 358
  },
  "v008.1-history-bug-fix": {
    "elo": 1575.6547358411337,
    "games": 364
  },
  "v009-unmake-opt": {
    "elo": 1596.0850153557237,
    "games": 402
  },
  "v010-arrayvec-movelist": {
    "elo": 1592.3001943926915,
    "games": 394
  },
  "v011-check-evasion": {
    "elo": 1632.7519681321319,
    "games": 530
  },
  "v012-bishop-pair": {
    "elo": 1587.3373852677166,
    "games": 358
  },
  "v013-knight-fork": {
    "elo": 1612.0415802018526,
    "games": 353
  },
  "v014-rook-open-file": {
    "elo": 1554.0597144450696,
    "games": 356
  },
  "v015-rook-mobility": {
    "elo": 1637.141589584193,
    "games": 359
  },
  "v016-queen-mobility": {
    "elo": 1586.465278914473,
    "games": 383
  },
  "v017-connected-rooks": {
    "elo": 1578.911496985227,
    "games": 525
  },
  "v018-killer-fix": {
    "elo": 1662.4900549056024,
    "games": 394
  },
  "v019-capture-fix": {
    "elo": 1587.344059074131,
    "games": 905
  },
  "v020-remove-harmful-eval": {
    "elo": 1581.4429072587272,
    "games": 431
  },
  "v021-wrong-color-bishop": {
    "elo": 1535.292868253593,
    "games": 407
  },
  "v022-king-activity": {
    "elo": 1578.5200164339167,
    "games": 381
  },
  "v023-kpk-draw": {
    "elo": 1592.1766939337801,
    "games": 304
  },
  "v024-connected-passed-pawns": {
    "elo": 1629.305168887144,
    "games": 251
  },
  "velvet-1400": {
    "elo": 908.0520085692718,
    "games": 253
  },
  "velvet-1800": {
    "elo": 1379.016306354302,
    "games": 262
  },
  "velvet-2200": {
    "elo": 1495.8162218465575,
    "games": 305
  },
  "velvet-2400": {
    "elo": 1483.7412926023853,
    "games": 17
  },
  "velvet-2600": {
    "elo": 1885.5432933589113,
    "games": 297
  },
  "velvet-full": {
    "elo": 2183.5301242237683,
    "games": 295
  }
}